onset	duration	trial_type	stim_file
6.000	1.50	image07	stim-image07.png
9.000	1.50	image05	stim-image05.png
12.000	1.50	image15	stim-image15.png
16.500	1.50	image07	stim-image07.png
19.500	1.50	image03	stim-image03.png
25.500	1.50	image09	stim-image09.png
31.500	1.50	image03	stim-image03.png
34.500	1.50	image10	stim-image10.png
37.500	1.50	image14	stim-image14.png
40.500	1.50	image15	stim-image15.png
46.500	1.50	image16	stim-image16.png
49.500	1.50	image02	stim-image02.png
54.000	1.50	image12	stim-image12.png
58.500	1.50	image05	stim-image05.png
64.500	1.50	image13	stim-image13.png
70.500	1.50	image11	stim-image11.png
73.500	1.50	image06	stim-image06.png
78.000	1.50	image16	stim-image16.png
84.000	1.50	image01	stim-image01.png
88.500	1.50	image08	stim-image08.png
91.500	1.50	image15	stim-image15.png
96.000	1.50	image04	stim-image04.png
99.000	1.50	image03	stim-image03.png
105.000	1.50	image07	stim-image07.png
111.000	1.50	image04	stim-image04.png
115.500	1.50	image02	stim-image02.png
120.000	1.50	image14	stim-image14.png
123.000	1.50	image06	stim-image06.png
129.000	1.50	image13	stim-image13.png
133.500	1.50	image04	stim-image04.png
139.500	1.50	image12	stim-image12.png
145.500	1.50	image01	stim-image01.png
151.500	1.50	image16	stim-image16.png
156.000	1.50	image08	stim-image08.png
160.500	1.50	image14	stim-image14.png
163.500	1.50	image12	stim-image12.png
168.000	1.50	image11	stim-image11.png
172.500	1.50	image02	stim-image02.png
177.000	1.50	image09	stim-image09.png
183.000	1.50	image05	stim-image05.png
189.000	1.50	image01	stim-image01.png
193.500	1.50	image10	stim-image10.png
199.500	1.50	image06	stim-image06.png
205.500	1.50	image08	stim-image08.png
211.500	1.50	image13	stim-image13.png
214.500	1.50	image09	stim-image09.png
217.500	1.50	image11	stim-image11.png
223.500	1.50	image10	stim-image10.png
226.500	1.50	image08	stim-image08.png
232.500	1.50	image02	stim-image02.png
237.000	1.50	image10	stim-image10.png
243.000	1.50	image12	stim-image12.png
246.000	1.50	image10	stim-image10.png
252.000	1.50	image13	stim-image13.png
256.500	1.50	image16	stim-image16.png
259.500	1.50	image06	stim-image06.png
262.500	1.50	image12	stim-image12.png
265.500	1.50	image04	stim-image04.png
268.500	1.50	image15	stim-image15.png
274.500	1.50	image14	stim-image14.png
279.000	1.50	image07	stim-image07.png
282.000	1.50	image01	stim-image01.png
286.500	1.50	image11	stim-image11.png
292.500	1.50	image14	stim-image14.png
297.000	1.50	image09	stim-image09.png
303.000	1.50	image16	stim-image16.png
307.500	1.50	image07	stim-image07.png
312.000	1.50	image02	stim-image02.png
315.000	1.50	image13	stim-image13.png
318.000	1.50	image04	stim-image04.png
321.000	1.50	image08	stim-image08.png
327.000	1.50	image05	stim-image05.png
331.500	1.50	image06	stim-image06.png
337.500	1.50	image11	stim-image11.png
340.500	1.50	image03	stim-image03.png
345.000	1.50	image15	stim-image15.png
349.500	1.50	image05	stim-image05.png
352.500	1.50	image09	stim-image09.png
358.500	1.50	image01	stim-image01.png
363.000	1.50	image03	stim-image03.png
